"column","mean","sd","median","iqr","max","min"
"mpg",20.090625,6.0269480520891,19.2,7.375,33.9,10.4
"disp",230.721875,123.938693831382,196.3,205.175,472,71.1
"hp",146.6875,68.5628684893206,123,83.5,335,52
"drat",3.5965625,0.534678736070971,3.695,0.84,4.93,2.76
"wt",3.21725,0.978457442989697,3.325,1.02875,5.424,1.513
"qsec",17.84875,1.78694323609684,17.71,2.0075,22.9,14.5
