"column","factor","mean_difference","p_value"
"mpg","vs",7.94047619047619,0.000109836801123659
"cyl","vs",-2.87301587301587,1.11635994718146e-08
"disp","vs",-174.692857142857,2.47652635596178e-06
"hp","vs",-98.3650793650794,1.81980597317305e-06
"drat","vs",0.467063492063492,0.0128534247863465
"wt","vs",-1.07726984126984,0.000728139717481124
"qsec","vs",2.63968253968254,3.52240350531582e-06
