"column","factor","mean_difference","p_value"
"mpg","am",7.24493927125506,0.00137363833307103
"cyl","am",-1.87044534412956,0.00246471260018701
"disp","am",-146.848178137652,0.000230041299162995
"hp","am",-33.417004048583,0.220979581335913
"drat","am",0.763684210526316,5.2667424950871e-06
"wt","am",-1.35789473684211,6.27201991008014e-06
"qsec","am",-0.823157894736841,0.209349760479263
